{"cameraMode":{"drawMode":0,"name":"Shaded","section":"Shading Mode"},"sceneLighting":true,"audioPlay":false,"sceneViewState":{"showFog":true,"showMaterialUpdate":false,"showSkybox":true,"showFlares":true,"showImageEffects":true,"showParticleSystems":true},"in2DMode":false,"pivot":{"x":0.096433624625206,"y":-0.22874991595745088,"z":10.18491268157959},"rotation":{"x":0.013499215245246888,"y":0.006296652834862471,"z":-0.00008398255158681422,"w":0.9999004006385803},"size":5.757699012756348,"orthographic":false}